Branch;Customer type;Gender;Quantity;Total;Payment;Income;Rating
A;Member;Female;7;548.9715;Ewallet;26.1415;9.1
C;Normal;Female;5;80.22;Cash;3.82;9.6
A;Normal;Male;7;340.5255;Credit card;16.2155;7.4
A;Member;Male;8;489.048;Ewallet;23.288;8.4
A;Normal;Male;7;634.3785;Ewallet;30.2085;5.3
C;Normal;Male;7;627.6165;Ewallet;29.8865;4.1
A;Member;Female;6;433.692;Ewallet;20.652;5.8
C;Normal;Female;10;772.38;Ewallet;36.78;8
A;Member;Female;2;76.146;Credit card;3.626;7.2
B;Member;Female;3;172.746;Credit card;8.226;5.9
B;Member;Female;4;60.816;Ewallet;2.896;4.5
B;Member;Male;4;107.142;Cash;5.102;6.8
A;Normal;Female;5;246.4875;Ewallet;11.7375;7.1
A;Normal;Male;10;453.495;Ewallet;21.595;8.2
A;Normal;Female;10;749.49;Cash;35.69;5.7
B;Member;Female;6;590.436;Cash;28.116;4.5
A;Member;Female;7;506.6355;Credit card;24.1255;4.6
A;Normal;Male;6;457.443;Credit card;21.783;6.9
A;Normal;Male;3;172.2105;Credit card;8.2005;8.6
B;Normal;Female;2;84.63;Ewallet;4.03;4.4
C;Member;Male;5;451.71;Ewallet;21.51;4.8
B;Normal;Male;3;277.137;Ewallet;13.197;5.1
B;Normal;Male;2;69.72;Credit card;3.32;4.4
A;Normal;Male;5;181.44;Ewallet;8.64;9.9
A;Member;Male;3;279.1845;Ewallet;13.2945;6
A;Member;Female;8;441.756;Credit card;21.036;8.5
B;Normal;Male;1;35.196;Cash;1.676;6.7
A;Normal;Female;2;184.107;Credit card;8.767;7.7
B;Normal;Female;5;463.89;Cash;22.09;9.6
A;Normal;Male;9;235.2105;Cash;11.2005;7.4
B;Normal;Male;5;494.1825;Credit card;23.5325;4.8
B;Member;Male;9;737.7615;Cash;35.1315;4.5
B;Normal;Male;8;703.752;Cash;33.512;5.1
A;Normal;Male;2;202.818;Credit card;9.658;5.1
C;Member;Female;4;417.564;Ewallet;19.884;7.5
C;Member;Female;1;71.526;Ewallet;3.406;6.8
A;Member;Male;5;328.755;Ewallet;15.655;7
A;Normal;Female;9;575.316;Ewallet;27.396;4.7
C;Normal;Female;8;461.328;Ewallet;21.968;7.6
B;Member;Male;8;253.008;Cash;12.048;7.7
B;Member;Female;1;91.056;Ewallet;4.336;7.9
C;Member;Male;2;117.831;Cash;5.611;6.3
B;Member;Female;6;435.456;Cash;20.736;5.6
C;Member;Female;8;829.08;Cash;39.48;7.6
C;Member;Male;2;32.277;Cash;1.537;7.2
B;Member;Female;4;394.632;Cash;18.792;9.5
B;Member;Male;9;535.7205;Credit card;25.5105;8.4
B;Member;Female;9;189.0945;Ewallet;9.0045;4.1
B;Member;Male;6;119.259;Credit card;5.679;8.1
C;Member;Female;10;867.615;Ewallet;41.315;7.9
C;Member;Male;7;671.79;Cash;31.99;9.5
A;Member;Female;5;234.0975;Cash;11.1475;8.5
B;Member;Female;4;75.054;Ewallet;3.574;6.5
C;Member;Male;1;16.2015;Credit card;0.7715;6.1
B;Normal;Male;2;33.936;Ewallet;1.616;6.5
C;Normal;Female;8;722.232;Cash;34.392;8.2
A;Member;Male;2;93.114;Cash;4.434;5.8
A;Normal;Male;8;752.64;Ewallet;35.84;6.6
A;Member;Female;10;759.675;Cash;36.175;5.4
C;Normal;Male;6;192.843;Cash;9.183;9.3
C;Member;Female;3;77.931;Credit card;3.711;10
C;Normal;Male;6;351.099;Ewallet;16.719;7
B;Member;Female;9;520.4115;Ewallet;24.7815;10
A;Member;Male;10;166.005;Credit card;7.905;8.6
B;Member;Male;4;318.108;Cash;15.148;7.6
A;Member;Male;10;166.635;Cash;7.935;5.8
C;Normal;Female;2;70.287;Ewallet;3.347;6.7
B;Member;Female;6;614.943;Ewallet;29.283;9.9
A;Normal;Male;10;827.085;Cash;39.385;6.4
A;Member;Female;1;19.2465;Cash;0.9165;4.3
C;Normal;Male;10;939.54;Credit card;44.74;9.6
C;Normal;Male;10;652.26;Cash;31.06;5.9
B;Member;Female;3;152.838;Ewallet;7.278;4
C;Normal;Female;6;478.233;Cash;22.773;8.7
A;Normal;Male;9;705.6315;Ewallet;33.6015;9.4
C;Normal;Female;10;437.325;Credit card;20.825;5.4
C;Member;Male;9;463.428;Credit card;22.068;8.6
A;Member;Female;9;189.0945;Credit card;9.0045;5.7
C;Member;Female;10;822.255;Ewallet;39.155;6.6
C;Normal;Female;5;106.995;Cash;5.095;6
C;Normal;Female;6;624.897;Credit card;29.757;5.5
B;Normal;Female;3;304.542;Ewallet;14.502;6.4
C;Normal;Male;8;161.7;Ewallet;7.7;6.6
C;Member;Female;4;337.512;Credit card;16.072;8.3
C;Member;Male;5;256.7775;Cash;12.2275;6.6
C;Normal;Female;7;610.491;Ewallet;29.071;4
C;Normal;Male;5;401.73;Cash;19.13;9.9
A;Member;Male;7;362.943;Credit card;17.283;7.3
A;Normal;Male;1;44.5935;Cash;2.1235;5.7
B;Normal;Female;6;485.037;Cash;23.097;6.1
C;Member;Female;4;198.996;Cash;9.476;7.1
C;Normal;Female;10;471.03;Ewallet;22.43;8.2
A;Member;Female;7;161.553;Ewallet;7.693;5.1
B;Member;Male;9;608.202;Credit card;28.962;8.6
C;Normal;Male;1;94.2375;Credit card;4.4875;6.6
A;Normal;Male;1;102.018;Ewallet;4.858;7.2
B;Normal;Male;10;922.635;Ewallet;43.935;5.1
C;Normal;Female;6;78.435;Cash;3.735;4.1
A;Normal;Male;3;166.1625;Ewallet;7.9125;9.3
B;Normal;Male;6;521.01;Cash;24.81;7.4
C;Member;Male;1;51.1455;Cash;2.4355;4.1
C;Normal;Male;9;742.2975;Cash;35.3475;7.2
C;Normal;Female;9;218.0115;Cash;10.3815;4.9
A;Normal;Male;6;367.038;Cash;17.478;9.9
B;Normal;Male;7;223.0725;Cash;10.6225;8
A;Member;Male;10;931.035;Ewallet;44.335;7.3
C;Normal;Male;6;172.494;Credit card;8.214;7.9
A;Normal;Male;6;391.419;Cash;18.639;7.4
C;Normal;Female;9;321.111;Cash;15.291;4.2
C;Member;Male;10;860.685;Cash;40.985;9.2
B;Member;Female;2;34.629;Ewallet;1.649;4.6
C;Member;Female;3;309.3615;Credit card;14.7315;7.8
B;Normal;Female;7;535.374;Cash;25.494;8.4
A;Member;Male;9;548.7615;Ewallet;26.1315;4.3
C;Member;Female;9;763.4655;Credit card;36.3555;9.5
C;Normal;Female;3;85.113;Credit card;4.053;7.1
B;Member;Male;5;115.185;Ewallet;5.485;5.3
B;Member;Male;1;53.928;Ewallet;2.568;5.2
A;Normal;Female;10;115.08;Ewallet;5.48;6
B;Normal;Male;2;112.224;Ewallet;5.344;4.1
A;Normal;Female;8;836.304;Credit card;39.824;5.2
C;Member;Male;7;419.832;Credit card;19.992;6.5
B;Member;Male;9;944.622;Credit card;44.982;4.2
C;Member;Male;8;536.844;Credit card;25.564;4.6
B;Member;Female;8;474.348;Ewallet;22.588;7.3
A;Normal;Female;7;688.6215;Credit card;32.7915;4.5
A;Normal;Female;5;169.3125;Cash;8.0625;9
C;Normal;Female;9;299.8485;Credit card;14.2785;5.9
C;Member;Female;8;575.736;Ewallet;27.416;8.5
B;Normal;Female;9;853.146;Ewallet;40.626;7.2
B;Normal;Female;7;291.207;Cash;13.867;7.5
A;Member;Female;6;580.419;Cash;27.639;8.3
B;Normal;Female;4;146.328;Cash;6.968;7.4
B;Member;Male;6;550.935;Credit card;26.235;8.8
C;Normal;Female;6;512.19;Ewallet;24.39;5.3
C;Normal;Male;3;284.193;Cash;13.533;6.2
A;Normal;Female;5;138.1275;Credit card;6.5775;8.8
A;Member;Female;6;216.846;Cash;10.326;9.8
B;Normal;Male;10;545.055;Cash;25.955;8.2
A;Normal;Male;8;609;Ewallet;29;9.2
C;Member;Female;10;942.9;Credit card;44.9;5.4
C;Member;Male;10;950.25;Cash;45.25;8.1
C;Member;Female;10;720.3;Cash;34.3;9.1
C;Member;Female;1;31.9305;Credit card;1.5205;8.4
A;Normal;Female;6;491.085;Ewallet;23.385;8
C;Normal;Female;6;291.438;Credit card;13.878;9.5
A;Member;Female;10;316.47;Ewallet;15.07;9.2
C;Normal;Male;4;277.788;Credit card;13.228;5.6
B;Member;Male;8;603.624;Credit card;28.744;6.2
A;Normal;Male;8;272.664;Credit card;12.984;4.9
B;Member;Female;4;384.468;Credit card;18.308;4.8
C;Member;Male;7;254.016;Credit card;12.096;7.3
A;Normal;Male;9;786.618;Credit card;37.458;7.4
C;Normal;Female;6;103.824;Ewallet;4.944;9.9
C;Normal;Female;8;680.148;Cash;32.388;9.3
A;Member;Male;5;484.5225;Credit card;23.0725;9
B;Member;Male;1;75.7785;Cash;3.6085;6.1
B;Normal;Male;5;263.97;Ewallet;12.57;9.7
B;Member;Male;9;918.729;Ewallet;43.749;6
B;Normal;Male;6;588.357;Ewallet;28.017;10
C;Normal;Female;8;362.712;Credit card;17.272;8.3
A;Normal;Male;1;66.8745;Cash;3.1845;6
A;Normal;Male;7;336.5565;Credit card;16.0265;7
C;Normal;Male;2;160.44;Ewallet;7.64;6.5
B;Normal;Male;10;418.95;Credit card;19.95;5.9
B;Member;Male;8;357.588;Ewallet;17.028;5.6
C;Normal;Male;10;1003.59;Cash;47.79;4.8
A;Normal;Male;10;1039.29;Credit card;49.49;8.7
A;Normal;Male;6;323.064;Cash;15.384;6.5
A;Member;Male;7;510.972;Credit card;24.332;8.5
A;Normal;Male;5;367.5525;Ewallet;17.5025;5.5
B;Member;Male;5;420.2625;Credit card;20.0125;9.4
C;Normal;Male;8;175.14;Cash;8.34;6.3
B;Member;Male;6;333.207;Credit card;15.867;9.8
B;Normal;Male;8;166.236;Ewallet;7.916;8.7
A;Member;Male;9;319.788;Ewallet;15.228;8.8
A;Member;Male;8;186.228;Credit card;8.868;9.6
C;Normal;Female;7;165.4485;Credit card;7.8785;4.8
A;Normal;Male;6;465.444;Ewallet;22.164;4.4
C;Member;Male;3;273.42;Ewallet;13.02;9.9
C;Normal;Male;7;472.311;Cash;22.491;5.7
C;Member;Male;8;323.148;Cash;15.388;7.7
A;Member;Male;10;162.75;Ewallet;7.75;8
C;Normal;Male;8;288.204;Ewallet;13.724;5.7
A;Normal;Female;7;90.699;Credit card;4.319;6.7
B;Member;Male;3;56.952;Ewallet;2.712;8
B;Member;Female;8;793.716;Ewallet;37.796;7.5
B;Member;Male;4;195.174;Cash;9.294;7
A;Normal;Male;1;77.7735;Ewallet;3.7035;9.9
C;Normal;Female;4;293.202;Credit card;13.962;5.9
B;Normal;Female;3;242.676;Credit card;11.556;7.2
B;Normal;Female;2;154.392;Ewallet;7.352;4.6
C;Normal;Female;9;829.71;Cash;39.51;9.2
B;Normal;Male;4;107.31;Ewallet;5.11;5.7
A;Normal;Male;5;171.7275;Credit card;8.1775;9.9
C;Member;Female;1;78.0045;Cash;3.7145;5
C;Member;Male;2;91.77;Cash;4.37;4.9
A;Normal;Female;1;26.5545;Ewallet;1.2645;6.1
C;Normal;Male;4;174.3;Credit card;8.3;8.2
C;Member;Female;5;374.7975;Credit card;17.8475;5.5
C;Member;Female;6;120.645;Credit card;5.745;6.8
B;Member;Female;4;241.458;Cash;11.498;6.6
C;Normal;Male;7;451.3635;Cash;21.4935;9.8
B;Member;Male;10;271.95;Ewallet;12.95;8.7
B;Member;Male;5;93.2925;Credit card;4.4425;5.4
A;Normal;Female;9;217.6335;Ewallet;10.3635;7.9
C;Member;Female;9;629.8425;Credit card;29.9925;9.7
C;Member;Female;10;299.565;Ewallet;14.265;7.8
B;Normal;Female;3;95.6655;Ewallet;4.5555;5.1
B;Normal;Female;9;942.4485;Credit card;44.8785;6.5
A;Normal;Male;9;247.8735;Ewallet;11.8035;5.9
C;Normal;Female;9;881.307;Cash;41.967;8.8
B;Normal;Male;5;484.89;Ewallet;23.09;4.9
B;Normal;Male;3;146.223;Credit card;6.963;4.4
B;Member;Female;7;217.6335;Cash;10.3635;6.5
A;Normal;Male;1;19.194;Credit card;0.914;8.3
B;Normal;Female;5;130.0425;Cash;6.1925;8.5
A;Member;Female;3;298.116;Cash;14.196;5.5
B;Normal;Male;8;796.908;Ewallet;37.948;8.7
B;Normal;Female;3;180.621;Credit card;8.601;7.9
B;Normal;Male;6;285.705;Ewallet;13.605;6.1
B;Normal;Male;7;456.288;Ewallet;21.728;5.4
C;Normal;Male;5;62.0025;Cash;2.9525;9.4
C;Member;Female;1;13.167;Cash;0.627;8.2
A;Normal;Male;2;90.825;Cash;4.325;6.2
C;Member;Female;2;183.036;Credit card;8.716;9.7
B;Member;Male;9;655.5465;Ewallet;31.2165;4
C;Member;Male;4;155.652;Ewallet;7.412;9.7
B;Member;Female;6;571.41;Cash;27.21;5.3
A;Normal;Female;8;532.728;Ewallet;25.368;7.4
B;Normal;Female;2;170.877;Cash;8.137;6.5
B;Member;Female;3;33.3585;Credit card;1.5885;8.7
B;Normal;Female;9;794.6505;Cash;37.8405;8
B;Member;Male;4;310.044;Cash;14.764;6.7
A;Member;Male;10;545.37;Ewallet;25.97;6.5
A;Normal;Female;2;195.594;Ewallet;9.314;4.1
C;Normal;Male;5;91.4025;Credit card;4.3525;4.9
C;Member;Female;5;232.155;Credit card;11.055;8.6
B;Member;Female;5;69.405;Cash;3.305;4.3
A;Normal;Male;1;94.1745;Ewallet;4.4845;4.9
A;Normal;Male;9;235.683;Credit card;11.223;5.6
A;Normal;Male;2;125.517;Credit card;5.977;5.8
C;Member;Male;2;195.72;Credit card;9.32;6
A;Member;Male;4;263.13;Cash;12.53;4.2
B;Normal;Male;8;788.508;Credit card;37.548;8.3
A;Member;Male;8;399.756;Cash;19.036;5.7
B;Member;Female;3;256.41;Cash;12.21;4.8
A;Member;Male;5;94.185;Ewallet;4.485;6.8
A;Member;Male;4;326.424;Credit card;15.544;8.8
B;Normal;Male;7;536.991;Credit card;25.571;4.2
B;Member;Male;9;439.8975;Ewallet;20.9475;6.4
C;Member;Male;10;369.495;Credit card;17.595;8.4
C;Normal;Female;2;30.219;Credit card;1.439;7.2
A;Normal;Male;4;99.75;Cash;4.75;5.2
A;Member;Male;8;494.76;Cash;23.56;8.9
B;Member;Male;4;137.004;Cash;6.524;9
A;Member;Male;1;69.6675;Credit card;3.3175;9.7
A;Member;Male;6;163.233;Ewallet;7.773;8.7
A;Member;Male;4;135.45;Ewallet;6.45;6.5
C;Member;Male;4;276.948;Credit card;13.188;6.9
A;Normal;Female;9;709.317;Ewallet;33.777;6.2
C;Normal;Female;4;69.09;Ewallet;3.29;5.6
B;Member;Female;4;160.86;Cash;7.66;5.7
A;Member;Female;10;233.52;Cash;11.12;4.2
B;Normal;Male;1;57.1725;Ewallet;2.7225;7.9
A;Member;Female;7;723.24;Credit card;34.44;8.7
C;Normal;Male;4;148.974;Credit card;7.094;6.9
B;Member;Female;10;783.3;Cash;37.3;9.5
A;Member;Male;4;297.108;Credit card;14.148;4.4
A;Member;Female;10;373.17;Ewallet;17.77;7
B;Normal;Female;5;354.0075;Ewallet;16.8575;6.3
C;Member;Female;2;44.352;Cash;2.112;9.7
A;Member;Female;9;203.553;Credit card;9.693;8.8
A;Normal;Female;2;25.263;Cash;1.203;5.1
B;Normal;Female;6;628.173;Ewallet;29.913;7.9
B;Normal;Male;7;352.5795;Cash;16.7895;6.2
C;Member;Female;10;229.11;Cash;10.91;7.1
C;Normal;Female;4;400.764;Ewallet;19.084;6.4
C;Member;Male;10;745.395;Cash;35.495;5.7
A;Member;Male;10;462.21;Credit card;22.01;9.6
A;Normal;Female;8;587.664;Credit card;27.984;6.4
C;Normal;Male;1;38.85;Credit card;1.85;7.9
A;Normal;Female;1;16.107;Cash;0.767;6.5
A;Member;Male;6;628.929;Ewallet;29.949;8.5
A;Member;Female;4;200.214;Cash;9.534;9.1
B;Normal;Male;5;350.07;Cash;16.67;7.6
C;Member;Male;1;78.603;Cash;3.743;6.9
C;Normal;Female;9;224.4375;Cash;10.6875;9.5
B;Normal;Female;7;356.5485;Credit card;16.9785;5.2
A;Member;Female;7;697.368;Cash;33.208;4.2
B;Member;Male;10;423.15;Credit card;20.15;7
C;Normal;Male;7;204.6975;Ewallet;9.7475;6
A;Member;Female;1;65.604;Cash;3.124;4.7
A;Member;Female;2;76.356;Cash;3.636;7.1
B;Normal;Male;10;190.155;Ewallet;9.055;5.9
C;Member;Female;5;272.58;Cash;12.98;7.5
C;Normal;Male;4;121.128;Cash;5.768;6.4
A;Member;Male;6;493.794;Ewallet;23.514;5.8
A;Member;Male;4;252.042;Cash;12.002;4.5
C;Member;Female;1;93.0405;Cash;4.4305;7.7
C;Normal;Male;2;209.622;Credit card;9.982;6.7
B;Member;Male;1;40.9605;Credit card;1.9505;4.7
C;Normal;Male;1;51.0405;Cash;2.4305;4.4
A;Normal;Female;4;214.998;Credit card;10.238;4.7
B;Normal;Female;8;125.664;Cash;5.984;8.6
A;Member;Male;7;530.67;Ewallet;25.27;4.3
A;Normal;Female;7;295.6905;Cash;14.0805;9.6
A;Member;Female;8;745.836;Cash;35.516;4.1
A;Member;Female;3;83.412;Ewallet;3.972;4.7
A;Normal;Female;2;172.011;Cash;8.191;7.8
B;Member;Male;6;503.559;Cash;23.979;5.5
C;Member;Male;2;145.593;Ewallet;6.933;9.7
A;Member;Female;5;74.7075;Credit card;3.5575;4.4
A;Member;Female;9;146.9475;Cash;6.9975;5
C;Member;Female;10;820.365;Cash;39.065;4.4
C;Member;Male;2;208.677;Cash;9.937;5.2
C;Member;Female;3;66.402;Cash;3.162;7.3
C;Member;Male;5;392.6475;Cash;18.6975;4.9
C;Member;Female;7;218.0745;Credit card;10.3845;8.1
C;Member;Male;4;185.094;Ewallet;8.814;8.4
C;Normal;Female;9;216.6885;Cash;10.3185;5.5
C;Normal;Female;1;41.391;Cash;1.971;8.4
A;Normal;Male;6;96.138;Ewallet;4.578;9.8
A;Normal;Female;5;324.2925;Cash;15.4425;6.7
A;Normal;Male;6;135.576;Credit card;6.456;9.4
B;Normal;Male;4;410.508;Ewallet;19.548;6.4
A;Member;Male;5;523.845;Cash;24.945;5.4
C;Member;Male;4;395.892;Cash;18.852;8.6
B;Member;Male;4;214.746;Credit card;10.226;4
A;Member;Male;4;152.712;Cash;7.272;7.6
B;Normal;Male;9;208.089;Cash;9.909;6.8
A;Normal;Male;3;103.635;Credit card;4.935;9.1
A;Normal;Male;5;404.355;Cash;19.255;5.5
A;Member;Male;2;49.308;Credit card;2.348;7.9
C;Member;Male;5;77.175;Ewallet;3.675;8.5
A;Member;Female;5;149.3625;Credit card;7.1125;9.1
A;Normal;Male;9;721.98;Ewallet;34.38;7.5
B;Normal;Female;6;365.085;Cash;17.385;5.2
C;Normal;Female;3;150.0975;Credit card;7.1475;9.5
B;Member;Female;9;404.649;Credit card;19.269;8.9
B;Member;Male;3;151.4835;Credit card;7.2135;7.8
B;Member;Female;7;411.3795;Ewallet;19.5895;8.9
B;Member;Female;7;565.215;Cash;26.915;7.7
C;Normal;Female;5;509.4075;Ewallet;24.2575;9.3
A;Normal;Male;3;140.6475;Cash;6.6975;6.2
A;Normal;Female;9;736.4385;Ewallet;35.0685;7.6
A;Member;Male;1;75.5475;Cash;3.5975;7.3
C;Member;Female;8;749.7;Cash;35.7;4.7
A;Normal;Male;7;191.247;Cash;9.107;5.1
B;Normal;Female;10;141.75;Credit card;6.75;4.8
C;Member;Female;10;1042.65;Credit card;49.65;6.6
A;Normal;Male;7;379.9215;Cash;18.0915;5.5
B;Member;Female;7;402.2655;Credit card;19.1555;8.5
B;Member;Male;9;255.15;Cash;12.15;4.8
C;Normal;Female;1;31.752;Cash;1.512;8.4
B;Member;Female;4;374.388;Credit card;17.828;7.8
C;Normal;Female;10;394.275;Credit card;18.775;9.3
C;Normal;Female;10;1002.12;Cash;47.72;5.2
B;Normal;Male;3;86.625;Ewallet;4.125;6.5
B;Normal;Male;1;78.7185;Cash;3.7485;5.6
A;Member;Male;8;680.064;Credit card;32.384;7.4
C;Normal;Female;8;793.548;Cash;37.788;9.1
C;Normal;Male;2;209.559;Ewallet;9.979;8
A;Normal;Male;6;461.286;Cash;21.966;7.2
C;Normal;Female;4;173.208;Cash;8.248;7.1
C;Normal;Female;4;343.056;Cash;16.336;9.1
C;Normal;Female;9;484.974;Cash;23.094;5.6
A;Member;Male;4;276.948;Cash;13.188;6
C;Normal;Female;10;150.78;Cash;7.18;5.4
A;Member;Male;9;203.175;Credit card;9.675;7.8
B;Member;Female;7;193.011;Cash;9.191;9.9
B;Normal;Female;2;128.016;Credit card;6.096;4.9
C;Normal;Female;6;441.693;Ewallet;21.033;5.2
C;Normal;Male;6;265.104;Cash;12.624;8.9
A;Normal;Female;5;352.2225;Credit card;16.7725;9.1
A;Member;Female;5;507.675;Ewallet;24.175;7
B;Member;Female;9;334.341;Credit card;15.921;9.6
C;Normal;Male;7;701.8515;Ewallet;33.4215;8.7
C;Member;Male;4;407.316;Ewallet;19.396;9.4
B;Normal;Female;4;99.33;Credit card;4.73;4
A;Member;Male;4;345.786;Credit card;16.466;7.5
C;Normal;Female;2;55.881;Cash;2.661;4.2
B;Normal;Female;5;523.3725;Cash;24.9225;9.9
C;Member;Female;4;314.538;Ewallet;14.978;4.2
A;Normal;Female;5;214.935;Ewallet;10.235;9.9
B;Member;Male;1;79.611;Cash;3.791;5.8
C;Normal;Male;6;294.651;Cash;14.031;6
A;Normal;Female;10;339.36;Credit card;16.16;10
C;Member;Female;9;510.9615;Ewallet;24.3315;9.5
B;Normal;Male;7;133.917;Credit card;6.377;6.6
C;Member;Female;3;253.512;Cash;12.072;8.1
B;Normal;Female;10;398.475;Cash;18.975;9.7
A;Member;Male;1;80.661;Ewallet;3.841;7.2
A;Member;Female;10;548.73;Credit card;26.13;6.2
A;Normal;Female;1;83.727;Ewallet;3.987;7.3
A;Normal;Female;5;406.875;Ewallet;19.375;4.3
A;Normal;Female;5;284.9175;Ewallet;13.5675;4.6
B;Normal;Male;9;128.4255;Cash;6.1155;5.8
B;Member;Female;6;258.678;Credit card;12.318;8.3
B;Member;Male;9;181.818;Cash;8.658;8
C;Normal;Female;6;248.409;Credit card;11.829;9.4
C;Normal;Male;4;194.124;Credit card;9.244;6.2
C;Member;Male;1;14.679;Ewallet;0.699;9.8
B;Normal;Female;5;208.6875;Ewallet;9.9375;9.6
C;Member;Female;7;718.7565;Ewallet;34.2265;4.9
A;Member;Male;4;282.492;Credit card;13.452;8
A;Normal;Male;5;72.3975;Credit card;3.4475;7.8
B;Member;Female;4;288.582;Cash;13.742;4.1
A;Normal;Female;4;237.426;Ewallet;11.306;5.5
C;Normal;Female;5;125.055;Ewallet;5.955;5.4
B;Normal;Female;10;359.205;Cash;17.105;5.1
B;Normal;Male;2;45.927;Ewallet;2.187;6.9
A;Member;Male;5;110.0925;Cash;5.2425;7.8
A;Normal;Male;3;81.396;Ewallet;3.876;6.6
A;Normal;Male;8;427.812;Ewallet;20.372;9.2
B;Normal;Male;1;100.9155;Ewallet;4.8055;7.8
C;Normal;Female;4;190.596;Credit card;9.076;8.7
C;Member;Female;1;85.5855;Ewallet;4.0755;9.2
B;Normal;Female;2;120.162;Ewallet;5.722;8.3
A;Member;Female;7;185.367;Cash;8.827;8.2
C;Member;Female;3;121.59;Ewallet;5.79;7.5
C;Normal;Female;3;264.7575;Cash;12.6075;9.8
C;Member;Female;10;1020.705;Credit card;48.605;8.7
B;Member;Male;8;213.528;Credit card;10.168;6.7
C;Normal;Male;1;17.094;Cash;0.814;5
B;Member;Male;9;383.7645;Cash;18.2745;7
A;Member;Male;7;390.7995;Cash;18.6095;8.9
B;Member;Female;3;65.7405;Credit card;3.1305;8
B;Normal;Male;5;353.1675;Cash;16.8175;6.9
A;Member;Female;10;951.825;Ewallet;45.325;7.3
B;Normal;Male;2;145.068;Credit card;6.908;6.9
C;Normal;Male;2;90.867;Ewallet;4.327;5.7
A;Normal;Female;6;147.798;Ewallet;7.038;6.4
B;Normal;Male;7;702.219;Credit card;33.439;9.6
B;Normal;Female;1;49.812;Credit card;2.372;6.8
C;Normal;Male;9;937.818;Ewallet;44.658;9
C;Member;Male;4;348.306;Ewallet;16.586;9.6
A;Normal;Male;6;214.137;Credit card;10.197;7.7
C;Member;Male;4;71.568;Ewallet;3.408;7
C;Normal;Female;8;343.224;Credit card;16.344;6.5
C;Member;Male;5;91.56;Cash;4.36;8.1
B;Member;Female;8;742.812;Credit card;35.372;4.3
A;Member;Female;9;843.0345;Credit card;40.1445;6.5
C;Normal;Male;1;13.419;Ewallet;0.639;9.5
A;Normal;Female;7;140.385;Cash;6.685;9.7
B;Member;Female;1;20.1075;Credit card;0.9575;9.5
C;Member;Male;10;290.43;Credit card;13.83;8.9
C;Normal;Male;3;144.081;Credit card;6.861;6.5
B;Member;Female;1;28.4235;Credit card;1.3535;5.3
B;Member;Female;1;41.076;Credit card;1.956;9.6
B;Normal;Female;6;470.673;Cash;22.413;6.7
B;Normal;Male;6;138.663;Cash;6.603;7.6
A;Normal;Female;5;333.9525;Ewallet;15.9025;4.8
A;Normal;Male;1;26.25;Ewallet;1.25;5.5
A;Member;Male;4;87.234;Cash;4.154;4.7
B;Member;Female;5;155.19;Cash;7.39;6.9
B;Member;Female;9;731.43;Credit card;34.83;4.5
B;Normal;Male;10;833.595;Cash;39.695;6.2
C;Member;Female;10;488.985;Cash;23.285;7.6
C;Normal;Male;1;37.6845;Credit card;1.7945;7.9
C;Normal;Male;5;212.73;Cash;10.13;4.5
B;Member;Female;10;767.025;Credit card;36.525;8.7
C;Normal;Female;4;310.59;Cash;14.79;6.1
C;Member;Female;1;23.751;Cash;1.131;6.4
A;Member;Male;5;269.535;Credit card;12.835;9.1
C;Member;Female;10;572.775;Credit card;27.275;7.1
C;Member;Female;7;273.0525;Credit card;13.0025;7.7
B;Normal;Male;6;233.226;Cash;11.106;4.5
C;Normal;Male;1;22.659;Ewallet;1.079;7.2
C;Member;Female;1;103.782;Cash;4.942;8.4
C;Member;Female;6;527.751;Ewallet;25.131;5.4
A;Member;Female;4;168.21;Cash;8.01;9.7
A;Member;Male;10;452.865;Credit card;21.565;5.5
B;Member;Male;8;609.588;Cash;29.028;4.6
A;Member;Female;5;338.31;Cash;16.11;6.6
A;Normal;Male;3;205.317;Credit card;9.777;6.3
A;Normal;Female;5;174.615;Credit card;8.315;4.2
C;Normal;Male;4;353.094;Ewallet;16.814;4.4
B;Normal;Male;10;360.885;Ewallet;17.185;6.7
A;Normal;Male;1;40.53;Ewallet;1.93;6.7
C;Normal;Male;8;554.148;Cash;26.388;8.4
C;Normal;Female;10;344.4;Cash;16.4;6.2
A;Normal;Male;5;194.985;Ewallet;9.285;5
B;Member;Male;10;633.99;Cash;30.19;6
C;Member;Female;10;388.29;Credit card;18.49;7
B;Member;Female;4;207.858;Ewallet;9.898;6.6
B;Normal;Female;10;431.445;Cash;20.545;7.3
A;Normal;Male;4;156.03;Ewallet;7.43;8.3
C;Normal;Male;1;24.108;Cash;1.148;4.3
B;Member;Female;9;734.076;Ewallet;34.956;9.8
B;Normal;Female;2;72.87;Ewallet;3.47;8.2
A;Member;Female;10;206.43;Credit card;9.83;7.2
B;Member;Female;8;212.688;Ewallet;10.128;8.7
C;Member;Female;10;127.26;Credit card;6.06;8.4
B;Normal;Male;2;209.769;Ewallet;9.989;7.1
B;Normal;Male;8;637.728;Cash;30.368;5.5
C;Normal;Female;2;132.762;Cash;6.322;8.5
C;Normal;Female;6;568.512;Cash;27.072;6.2
B;Member;Female;1;103.0365;Cash;4.9065;8.9
A;Member;Female;8;432.768;Cash;20.608;9.6
B;Member;Male;1;77.6685;Credit card;3.6985;5.4
C;Member;Female;1;33.495;Ewallet;1.595;9.1
C;Normal;Male;2;145.74;Ewallet;6.94;9
B;Normal;Female;2;195.951;Cash;9.331;6.3
B;Normal;Male;1;92.8725;Credit card;4.4225;9.5
A;Member;Male;8;203.112;Ewallet;9.672;9.8
B;Member;Female;3;152.775;Cash;7.275;6.7
B;Normal;Female;6;529.515;Credit card;25.215;7.7
B;Member;Male;5;321.7725;Cash;15.3225;7
C;Member;Female;6;100.485;Credit card;4.785;5.1
B;Member;Female;7;666.939;Credit card;31.759;6.2
A;Normal;Female;5;225.2775;Ewallet;10.7275;6.1
A;Normal;Female;7;398.958;Ewallet;18.998;9.3
A;Normal;Male;7;731.6925;Cash;34.8425;7.6
C;Member;Male;7;429.1665;Credit card;20.4365;8.2
C;Member;Female;1;54.0435;Ewallet;2.5735;8.5
B;Member;Male;5;288.015;Ewallet;13.715;9.8
C;Member;Male;5;206.7975;Credit card;9.8475;8.7
A;Normal;Male;2;72.933;Ewallet;3.473;9.7
C;Member;Male;5;377.58;Credit card;17.98;4.3
B;Normal;Female;3;143.9865;Credit card;6.8565;7.7
C;Member;Female;6;523.971;Cash;24.951;7.3
A;Member;Female;6;235.872;Credit card;11.232;5.9
C;Normal;Male;2;132.027;Cash;6.287;5
A;Normal;Male;6;514.773;Credit card;24.513;8
A;Member;Female;5;479.9025;Ewallet;22.8525;7.1
B;Normal;Male;4;164.682;Credit card;7.842;9
B;Member;Male;2;125.706;Ewallet;5.986;6.7
B;Member;Female;10;570.78;Credit card;27.18;6.1
A;Normal;Male;9;926.9505;Cash;44.1405;9.3
A;Normal;Male;6;160.209;Ewallet;7.629;7
A;Member;Male;8;728.112;Credit card;34.672;7.2
B;Normal;Male;10;240.975;Ewallet;11.475;8.2
C;Normal;Female;9;154.1295;Ewallet;7.3395;8.4
A;Normal;Female;5;148.68;Ewallet;7.08;6.2
C;Normal;Male;7;122.5245;Ewallet;5.8345;7.4
B;Member;Female;1;77.658;Credit card;3.698;5
A;Normal;Male;1;102.837;Ewallet;4.897;6.9
A;Normal;Female;4;306.81;Credit card;14.61;4.9
C;Member;Female;6;551.124;Ewallet;26.244;5.1
A;Normal;Male;3;96.642;Ewallet;4.602;9.1
C;Member;Male;1;79.674;Credit card;3.794;7.1
B;Member;Female;4;84.756;Credit card;4.036;5
C;Member;Male;6;118.251;Credit card;5.631;5.5
B;Normal;Female;1;74.76;Credit card;3.56;9.2
B;Member;Male;4;163.002;Ewallet;7.762;4.9
A;Normal;Female;10;308.91;Ewallet;14.71;8.9
A;Normal;Male;9;575.9775;Credit card;27.4275;6
B;Normal;Female;5;270.585;Cash;12.885;4.2
A;Normal;Female;6;416.178;Cash;19.818;7.3
B;Normal;Male;3;180.4005;Ewallet;8.5905;6.5
B;Normal;Female;9;513.2295;Cash;24.4395;8.9
B;Normal;Female;9;550.368;Cash;26.208;9.7
C;Normal;Male;6;139.923;Credit card;6.663;8.6
A;Member;Male;7;142.002;Cash;6.762;6.9
B;Normal;Male;3;118.062;Credit card;5.622;7.7
B;Member;Female;2;151.284;Cash;7.204;9.5
C;Member;Female;10;1034.46;Ewallet;49.26;4.5
A;Member;Male;6;262.458;Ewallet;12.498;5.6
A;Member;Female;3;228.123;Ewallet;10.863;8.2
B;Normal;Male;9;203.931;Cash;9.711;7.3
C;Normal;Male;10;936.6;Credit card;44.6;4.4
B;Normal;Female;8;356.328;Ewallet;16.968;5.7
A;Member;Male;6;469.413;Ewallet;22.353;5
B;Normal;Male;2;208.425;Cash;9.925;9
A;Normal;Female;10;852.705;Credit card;40.605;6.3
C;Normal;Female;10;517.965;Credit card;24.665;9.4
A;Normal;Female;9;621.243;Cash;29.583;7.7
B;Normal;Female;7;586.971;Credit card;27.951;5.5
C;Normal;Female;7;543.753;Ewallet;25.893;4.1
B;Member;Female;5;430.71;Credit card;20.51;7.6
B;Member;Male;10;280.035;Cash;13.335;8.6
A;Member;Male;7;74.4555;Ewallet;3.5455;8.3
B;Normal;Male;2;152.019;Credit card;7.239;8.1
A;Normal;Male;5;451.0275;Credit card;21.4775;8.6
B;Member;Male;7;597.6285;Ewallet;28.4585;6.3
B;Normal;Male;4;253.26;Cash;12.06;5.8
C;Normal;Male;4;133.434;Ewallet;6.354;6.2
A;Normal;Female;4;269.934;Cash;12.854;7.7
B;Normal;Male;2;145.971;Ewallet;6.951;8.1
C;Normal;Male;3;85.743;Cash;4.083;7.3
A;Member;Female;4;326.256;Cash;15.536;8.4
C;Member;Female;2;195.258;Credit card;9.298;8
B;Member;Female;4;75.936;Credit card;3.616;9.5
B;Normal;Male;3;198.639;Ewallet;9.459;7
A;Normal;Male;4;217.182;Credit card;10.342;9.8
A;Normal;Female;3;164.871;Cash;7.851;9.2
A;Normal;Female;5;226.065;Ewallet;10.765;7.7
C;Normal;Male;10;625.905;Cash;29.805;5.3
A;Normal;Male;5;76.755;Cash;3.655;4.4
C;Member;Male;6;293.139;Credit card;13.959;4.3
C;Member;Female;7;178.164;Ewallet;8.484;9.4
A;Member;Female;1;47.859;Cash;2.279;9.8
A;Member;Female;3;236.88;Ewallet;11.28;4.8
B;Member;Male;3;304.92;Cash;14.52;5.3
B;Normal;Male;3;46.683;Credit card;2.223;8.7
A;Normal;Male;3;164.43;Credit card;7.83;9.5
C;Normal;Female;9;440.937;Ewallet;20.997;5.3
C;Normal;Female;5;193.4625;Cash;9.2125;9.2
A;Member;Female;2;147.672;Ewallet;7.032;9.6
C;Normal;Male;1;87.234;Ewallet;4.154;6.4
C;Normal;Female;1;68.2395;Credit card;3.2495;4.5
C;Normal;Male;10;814.38;Ewallet;38.78;6.9
B;Normal;Female;6;343.413;Ewallet;16.353;7.8
C;Member;Female;7;381.3915;Cash;18.1615;4.5
B;Normal;Male;4;133.35;Cash;6.35;8.6
A;Member;Female;7;394.3275;Ewallet;18.7775;5.2
C;Member;Female;4;209.118;Credit card;9.958;6.4
A;Normal;Male;1;32.1405;Ewallet;1.5305;5.2
B;Member;Male;2;121.569;Ewallet;5.789;8.9
A;Normal;Female;1;30.408;Credit card;1.448;6.2
C;Member;Female;9;935.2665;Cash;44.5365;6.7
B;Member;Male;3;293.643;Cash;13.983;7.2
C;Member;Male;1;84.9765;Credit card;4.0465;9
A;Member;Male;10;708.225;Ewallet;33.725;4.2
A;Member;Female;9;365.904;Ewallet;17.424;4.2
B;Member;Male;6;457.38;Cash;21.78;6.9
C;Member;Male;5;461.5275;Ewallet;21.9775;4.4
A;Member;Male;6;620.739;Credit card;29.559;4
C;Member;Female;6;273.798;Ewallet;13.038;8.5
A;Normal;Female;3;225.792;Credit card;10.752;9.2
A;Member;Female;1;96.1905;Cash;4.5805;9.8
B;Member;Female;7;695.2365;Credit card;33.1065;4.9
B;Normal;Female;10;874.125;Credit card;41.625;4.4
B;Member;Male;1;95.9175;Cash;4.5675;6.8
B;Member;Female;2;165.648;Cash;7.888;9.1
A;Normal;Male;2;127.827;Ewallet;6.087;8.7
B;Member;Male;10;867.09;Cash;41.29;5
A;Member;Male;3;167.895;Ewallet;7.995;7.5
A;Normal;Female;1;12.6945;Credit card;0.6045;8.2
A;Normal;Male;10;673.995;Credit card;32.095;6.7
A;Normal;Male;3;246.6765;Ewallet;11.7465;5.4
A;Member;Male;2;175.917;Credit card;8.377;7
B;Normal;Male;3;314.055;Ewallet;14.955;4.7
B;Member;Male;3;251.7165;Credit card;11.9865;5
B;Member;Male;10;697.935;Credit card;33.235;5
A;Normal;Male;7;212.7825;Credit card;10.1325;6
C;Normal;Female;1;48.51;Cash;2.31;6.3
B;Member;Female;5;92.5575;Cash;4.4075;8.5
B;Normal;Male;3;165.123;Ewallet;7.863;7.5
B;Member;Female;3;311.1885;Ewallet;14.8185;6.4
C;Member;Female;8;743.82;Ewallet;35.42;4.7
B;Member;Male;2;116.907;Ewallet;5.567;6
C;Member;Female;8;609.168;Credit card;29.008;4
C;Member;Male;5;63.2625;Ewallet;3.0125;5.5
A;Member;Male;9;182.952;Ewallet;8.712;8.7
C;Normal;Male;6;442.323;Cash;21.063;7.4
B;Member;Male;1;35.3115;Cash;1.6815;5.6
C;Member;Female;2;32.529;Cash;1.549;6.3
C;Normal;Male;10;259.77;Cash;12.37;7.1
B;Normal;Male;5;397.215;Ewallet;18.915;7.8
B;Normal;Female;6;351.603;Cash;16.743;9.9
A;Member;Male;10;764.19;Cash;36.39;7.3
B;Member;Male;9;352.674;Ewallet;16.794;5.1
B;Member;Male;4;252.756;Credit card;12.036;9.4
A;Normal;Female;3;49.4235;Credit card;2.3535;5.8
C;Normal;Female;1;104.6745;Credit card;4.9845;8
A;Member;Female;3;277.6725;Ewallet;13.2225;7.9
A;Member;Female;5;146.6325;Cash;6.9825;5.9
A;Member;Male;1;58.2225;Credit card;2.7725;4.9
B;Normal;Female;3;135.3555;Cash;6.4455;9.3
C;Member;Male;7;125.979;Credit card;5.999;7.9
B;Member;Female;6;370.125;Credit card;17.625;5.9
C;Member;Female;10;914.55;Credit card;43.55;9.9
C;Normal;Female;2;207.48;Cash;9.88;7.7
A;Normal;Female;4;204.246;Ewallet;9.726;7.6
B;Member;Male;3;181.881;Ewallet;8.661;7.7
B;Normal;Female;4;75.474;Ewallet;3.594;6.4
C;Member;Female;6;300.573;Ewallet;14.313;4.4
B;Normal;Female;2;85.302;Credit card;4.062;4.1
A;Member;Male;10;588.42;Ewallet;28.02;4.4
B;Member;Male;2;196.14;Cash;9.34;5.5
B;Normal;Female;3;231.2415;Ewallet;11.0115;4
C;Normal;Male;8;282.576;Credit card;13.456;9.3
A;Normal;Female;10;477.54;Credit card;22.74;4.8
B;Member;Male;2;175.917;Cash;8.377;4.6
B;Member;Female;7;470.988;Credit card;22.428;7.3
A;Member;Female;4;308.574;Cash;14.694;6
C;Normal;Male;10;618.975;Ewallet;29.475;8.1
A;Member;Male;6;305.55;Ewallet;14.55;9.4
B;Member;Female;1;41.454;Cash;1.974;6.5
B;Normal;Female;1;36.5505;Credit card;1.7405;7
C;Normal;Female;6;310.716;Ewallet;14.796;7.1
A;Member;Male;2;45.108;Ewallet;2.148;6.6
B;Member;Female;6;145.404;Ewallet;6.924;4.9
B;Member;Female;2;103.11;Credit card;4.91;6.4
B;Member;Female;2;136.143;Credit card;6.483;8
A;Member;Male;10;667.38;Cash;31.78;4.3
C;Member;Male;2;153.048;Cash;7.288;6.1
A;Normal;Female;3;211.365;Cash;10.065;7.5
C;Member;Female;9;663.2955;Cash;31.5855;6.7
C;Member;Male;7;404.544;Ewallet;19.264;5.2
A;Member;Male;10;510.615;Cash;24.315;8.8
C;Member;Female;7;539.343;Cash;25.683;9.5
C;Normal;Female;9;497.07;Cash;23.67;7.6
A;Member;Female;5;458.6925;Cash;21.8425;6.6
A;Member;Female;4;113.568;Ewallet;5.408;6.9
B;Normal;Male;4;261.198;Ewallet;12.438;4.3
A;Member;Male;9;657.531;Credit card;31.311;7.8
C;Normal;Male;10;1023.75;Ewallet;48.75;8
C;Normal;Female;8;507.444;Ewallet;24.164;9.6
B;Normal;Male;3;101.808;Credit card;4.848;4.3
B;Member;Female;10;207.585;Credit card;9.885;5
B;Member;Male;9;760.4415;Cash;36.2115;9.2
B;Member;Female;9;835.2855;Cash;39.7755;6.3
B;Normal;Male;7;527.5095;Cash;25.1195;8.9
B;Normal;Female;4;180.6;Ewallet;8.6;7.6
C;Member;Male;1;72.429;Cash;3.449;4.8
C;Normal;Male;8;131.208;Ewallet;6.248;9.1
A;Normal;Male;3;80.955;Ewallet;3.855;6.1
A;Member;Male;6;507.906;Cash;24.186;9.1
C;Member;Female;4;317.226;Ewallet;15.106;8.3
C;Normal;Female;9;733.6035;Ewallet;34.9335;7.2
C;Normal;Female;9;130.8825;Ewallet;6.2325;6
C;Member;Male;8;829.08;Ewallet;39.48;8.5
A;Normal;Female;5;187.32;Credit card;8.92;6.6
A;Member;Female;7;525.231;Ewallet;25.011;4.5
A;Member;Male;3;37.611;Credit card;1.791;8.1
A;Normal;Male;3;142.947;Credit card;6.807;7.2
B;Member;Female;6;110.124;Credit card;5.244;6.1
B;Normal;Female;7;187.866;Cash;8.946;7.1
C;Member;Female;9;856.4535;Cash;40.7835;5.1
B;Normal;Male;3;138.978;Credit card;6.618;7.9
C;Member;Female;7;270.2595;Cash;12.8695;7.4
B;Member;Male;4;98.028;Ewallet;4.668;7.4
C;Member;Female;8;239.4;Cash;11.4;6.6
C;Member;Male;3;175.0455;Credit card;8.3355;5.9
B;Normal;Male;10;732.27;Credit card;34.87;8.9
C;Normal;Male;4;408.492;Ewallet;19.452;6.8
B;Member;Female;7;383.523;Cash;18.263;9.3
A;Member;Female;4;93.744;Credit card;4.464;4.4
A;Normal;Male;3;176.4;Ewallet;8.4;4.8
A;Member;Male;1;20.685;Ewallet;0.985;9.5
B;Normal;Male;7;557.718;Ewallet;26.558;8.9
B;Member;Male;1;56.406;Ewallet;2.686;6.4
C;Member;Male;10;860.475;Credit card;40.975;6
C;Member;Female;7;596.82;Credit card;28.42;8.1
C;Normal;Male;10;616.98;Ewallet;29.38;9
B;Member;Male;8;769.104;Ewallet;36.624;6
A;Normal;Male;9;887.922;Cash;42.282;9.8
C;Normal;Male;7;408.7335;Cash;19.4635;8.5
C;Normal;Male;1;89.0715;Ewallet;4.2415;8.8
A;Member;Female;2;150.423;Ewallet;7.163;8.8
A;Member;Male;2;79.149;Ewallet;3.769;9.5
C;Member;Female;8;266.028;Credit card;12.668;5.6
C;Member;Female;1;40.341;Cash;1.921;8.6
B;Member;Male;10;684.915;Credit card;32.615;5.2
C;Member;Female;5;55.2825;Credit card;2.6325;5.8
B;Member;Female;9;116.1405;Credit card;5.5305;8
C;Member;Male;7;597.0405;Cash;28.4305;9
B;Member;Female;4;93.744;Ewallet;4.464;4.1
A;Normal;Female;5;143.22;Credit card;6.82;8.6
A;Member;Female;10;182.91;Ewallet;8.71;7
B;Normal;Male;5;384.72;Ewallet;18.32;8.4
C;Member;Female;3;267.3405;Ewallet;12.7305;7.4
A;Normal;Female;8;817.236;Credit card;38.916;6.2
B;Member;Female;8;300.216;Ewallet;14.296;4.9
A;Normal;Female;6;608.076;Cash;28.956;4.5
A;Member;Male;10;197.925;Ewallet;9.425;5.6
A;Normal;Female;4;232.638;Ewallet;11.078;8
B;Member;Female;10;810.6;Credit card;38.6;5.6
B;Normal;Male;10;757.365;Credit card;36.065;4.2
A;Member;Female;8;536.592;Ewallet;25.552;9.9
A;Member;Female;5;56.1225;Ewallet;2.6725;7.6
A;Member;Male;4;233.1;Credit card;11.1;6.6
B;Normal;Female;8;801.864;Ewallet;38.184;4.7
C;Normal;Female;3;239.589;Credit card;11.409;9.8
B;Normal;Male;6;86.247;Cash;4.107;6.3
B;Normal;Female;4;401.688;Cash;19.128;7.9
A;Normal;Female;6;72.009;Cash;3.429;7.7
B;Member;Female;4;401.268;Ewallet;19.108;4.5
C;Member;Female;7;631.1445;Credit card;30.0545;8
C;Member;Female;7;499.7265;Ewallet;23.7965;5.7
C;Normal;Female;1;55.041;Credit card;2.621;6.3
C;Member;Male;2;137.865;Cash;6.565;6
B;Normal;Female;5;151.515;Credit card;7.215;8
C;Member;Male;7;480.0285;Credit card;22.8585;4.2
B;Normal;Male;1;98.049;Cash;4.669;9.6
C;Member;Male;5;132.5625;Cash;6.3125;6.1
B;Member;Male;9;830.3715;Ewallet;39.5415;5.6
C;Normal;Male;8;183.12;Cash;8.72;8.3
A;Normal;Female;4;397.992;Ewallet;18.952;7.8
A;Member;Female;1;32.151;Credit card;1.531;4.1
C;Normal;Female;8;369.684;Cash;17.604;8.8
C;Member;Female;5;53.34;Ewallet;2.54;4.1
A;Normal;Male;7;548.163;Credit card;26.103;9
C;Normal;Male;8;603.876;Ewallet;28.756;5.5
C;Normal;Female;5;57.6975;Credit card;2.7475;9.3
C;Member;Male;3;190.4805;Credit card;9.0705;5.6
A;Normal;Male;7;432.9885;Ewallet;20.6185;9.7
A;Normal;Male;1;48.7305;Credit card;2.3205;4
C;Member;Male;4;287.91;Credit card;13.71;9.2
B;Normal;Female;10;1022.385;Credit card;48.685;4.9
A;Member;Male;7;680.61;Credit card;32.41;9.3
A;Normal;Female;2;97.881;Credit card;4.661;6.6
B;Normal;Male;2;57.078;Ewallet;2.718;4.3
C;Member;Female;1;63.9135;Cash;3.0435;5.5
A;Member;Female;10;257.145;Cash;12.245;8.1
B;Normal;Male;1;97.419;Credit card;4.639;9.8
C;Member;Male;5;455.1225;Ewallet;21.6725;9.4
B;Normal;Male;6;144.963;Ewallet;6.903;7.9
C;Member;Female;8;253.68;Ewallet;12.08;5.1
C;Member;Male;7;495.3165;Ewallet;23.5865;6.9
A;Member;Female;9;462.672;Cash;22.032;8
B;Member;Female;9;714.3255;Cash;34.0155;8
A;Normal;Female;4;325.374;Cash;15.494;4.2
A;Normal;Female;2;195.678;Credit card;9.318;8.5
A;Normal;Female;4;210.966;Cash;10.046;9
B;Normal;Female;1;18.6375;Cash;0.8875;8.6
C;Normal;Female;10;652.89;Ewallet;31.09;6
B;Normal;Male;8;90.3;Ewallet;4.3;6.2
A;Normal;Female;10;422.73;Credit card;20.13;5
C;Member;Female;5;341.0925;Credit card;16.2425;6.5
A;Normal;Male;1;99.9075;Cash;4.7575;6
A;Member;Female;8;408.408;Cash;19.448;5
B;Normal;Female;8;446.964;Ewallet;21.284;5
C;Normal;Female;7;333.984;Cash;15.904;9.2
A;Normal;Male;8;284.592;Ewallet;13.552;9.6
B;Member;Male;4;403.872;Credit card;19.232;8.4
B;Member;Male;5;247.59;Credit card;11.79;6
B;Normal;Male;4;222.138;Ewallet;10.578;6.7
A;Member;Female;2;100.128;Credit card;4.768;4.1
C;Member;Male;1;10.6785;Cash;0.5085;5.9
A;Normal;Female;3;216.4365;Cash;10.3065;8.7
B;Member;Female;7;441.588;Credit card;21.028;4.5
A;Member;Female;4;92.442;Credit card;4.402;6.6
B;Member;Female;9;681.4395;Credit card;32.4495;7.7
A;Member;Male;3;130.032;Credit card;6.192;8.5
C;Normal;Male;10;681.975;Cash;32.475;5.2
A;Member;Female;10;779.31;Credit card;37.11;4.3
A;Normal;Male;8;88.704;Cash;4.224;7.6
B;Normal;Male;4;262.794;Cash;12.514;9.5
B;Member;Female;8;99.54;Cash;4.74;4.1
A;Member;Male;1;95.865;Ewallet;4.565;9.2
B;Member;Female;7;299.3655;Ewallet;14.2555;5.4
A;Normal;Male;1;54.999;Cash;2.619;5.8
A;Member;Male;5;202.335;Ewallet;9.635;5.6
B;Normal;Male;6;281.169;Credit card;13.389;5.1
C;Normal;Male;10;586.635;Cash;27.935;5.8
C;Member;Female;6;184.086;Ewallet;8.766;5
A;Normal;Male;3;163.611;Cash;7.791;7.9
B;Normal;Male;1;63.315;Cash;3.015;6
A;Member;Female;2;82.887;Credit card;3.947;5
C;Member;Female;2;31.227;Credit card;1.487;8.9
A;Normal;Male;1;22.386;Cash;1.066;5.9
A;Member;Male;3;295.407;Credit card;14.067;5.9
A;Member;Male;1;76.923;Ewallet;3.663;9.7
C;Normal;Female;1;23.499;Credit card;1.119;8.6
C;Member;Female;9;688.716;Cash;32.796;4
A;Normal;Female;6;624.33;Cash;29.73;4.2
A;Normal;Male;1;77.805;Cash;3.705;9.2
A;Normal;Female;2;206.808;Ewallet;9.848;9.2
C;Normal;Male;7;390.9465;Ewallet;18.6165;5
B;Normal;Female;10;554.295;Ewallet;26.395;10
A;Member;Female;5;503.7375;Ewallet;23.9875;8.8
B;Normal;Female;9;345.0195;Cash;16.4295;4.2
B;Normal;Male;8;177.408;Cash;8.448;6.3
A;Member;Female;4;118.902;Cash;5.662;8.2
B;Normal;Male;6;362.817;Cash;17.277;5.1
A;Member;Female;9;450.1035;Cash;21.4335;5
C;Member;Female;1;90.5835;Ewallet;4.3135;7
A;Member;Male;2;26.796;Ewallet;1.276;7.8
B;Normal;Female;9;106.596;Credit card;5.076;4.3
B;Normal;Female;7;375.3645;Cash;17.8745;7
A;Member;Female;3;250.7085;Cash;11.9385;6.6
C;Member;Male;3;106.5015;Ewallet;5.0715;7.3
B;Member;Male;8;760.452;Credit card;36.212;6.5
C;Member;Female;2;131.922;Ewallet;6.282;4.9
C;Member;Male;3;76.5765;Credit card;3.6465;4.3
A;Normal;Male;4;271.278;Ewallet;12.918;9.3
A;Member;Male;7;182.427;Credit card;8.687;7.1
C;Normal;Male;1;59.325;Ewallet;2.825;9.6
B;Member;Female;10;225.015;Cash;10.715;6.2
A;Member;Male;6;561.078;Cash;26.718;9.9
A;Member;Male;4;97.818;Credit card;4.658;5.9
C;Normal;Male;8;548.184;Ewallet;26.104;6.3
C;Member;Male;1;54.9675;Cash;2.6175;4
B;Member;Male;1;41.7375;Cash;1.9875;6.1
A;Normal;Female;8;756.168;Credit card;36.008;4.5
B;Member;Female;8;101.64;Ewallet;4.84;8.6
B;Member;Female;10;348.705;Ewallet;16.605;6
C;Member;Female;8;85.512;Credit card;4.072;9.5
B;Member;Male;10;335.895;Credit card;15.995;9.9
A;Member;Female;6;216.846;Ewallet;10.326;7.5
A;Member;Female;2;175.014;Cash;8.334;7.6
A;Normal;Male;7;335.013;Cash;15.953;5
A;Member;Male;1;92.295;Ewallet;4.395;6.7
A;Member;Female;10;771.435;Ewallet;36.735;9.5
C;Normal;Female;8;102.396;Ewallet;4.876;6.8
A;Member;Male;10;807.66;Ewallet;38.46;5.6
C;Normal;Female;5;439.215;Cash;20.915;7.2
B;Normal;Female;8;486.444;Cash;23.164;8.1
C;Member;Female;5;485.5725;Credit card;23.1225;8.6
B;Normal;Male;5;148.995;Cash;7.095;9.4
B;Member;Male;6;317.835;Credit card;15.135;8.9
B;Normal;Male;8;832.944;Credit card;39.664;4.2
C;Normal;Male;7;446.439;Ewallet;21.259;5
C;Member;Female;6;297.801;Cash;14.181;8.8
C;Member;Male;7;629.16;Cash;29.96;5.3
A;Member;Male;9;331.128;Ewallet;15.768;4.6
C;Member;Female;9;423.738;Credit card;20.178;7.5
B;Normal;Male;4;193.074;Ewallet;9.194;5.1
A;Member;Female;5;145.5825;Credit card;6.9325;4.2
A;Normal;Male;7;84.7455;Cash;4.0355;8.1
C;Normal;Female;2;122.472;Ewallet;5.832;6
C;Member;Female;4;329.196;Cash;15.676;7.9
C;Normal;Male;10;888.405;Credit card;42.305;8.8
B;Normal;Female;5;435.12;Credit card;20.72;6.6
A;Member;Female;2;167.034;Ewallet;7.954;6.2
B;Normal;Female;10;514.605;Credit card;24.505;4.2
B;Member;Female;3;91.8225;Credit card;4.3725;7.3
C;Normal;Female;4;235.746;Ewallet;11.226;8.6
A;Normal;Female;8;782.208;Cash;37.248;6.8
A;Member;Male;8;431.256;Ewallet;20.536;7.6
A;Member;Female;3;313.74;Cash;14.94;5.8
C;Normal;Female;6;223.587;Cash;10.647;4.1
C;Member;Male;1;44.9925;Credit card;2.1425;9.3
A;Normal;Female;4;397.614;Cash;18.934;6.8
B;Normal;Male;3;217.2555;Ewallet;10.3455;8.7
B;Member;Female;3;82.719;Ewallet;3.939;6.3
C;Member;Female;9;338.2155;Credit card;16.1055;5.1
B;Normal;Female;6;103.131;Cash;4.911;7
C;Member;Female;2;26.733;Credit card;1.273;5.2
C;Normal;Female;7;611.079;Credit card;29.099;6.6
C;Member;Female;6;221.886;Ewallet;10.566;6.5
B;Normal;Female;4;57.876;Ewallet;2.756;9
B;Member;Male;1;92.7255;Credit card;4.4155;5.2
A;Member;Female;9;374.409;Credit card;17.829;6.8
B;Normal;Female;9;833.9625;Credit card;39.7125;7.6
B;Normal;Male;2;53.151;Ewallet;2.531;7.2
B;Normal;Male;6;629.496;Ewallet;29.976;7.1
C;Member;Female;2;175.035;Credit card;8.335;9.5
A;Normal;Female;10;781.62;Ewallet;37.22;5.1
C;Normal;Male;7;470.988;Ewallet;22.428;7.6
B;Normal;Female;6;397.845;Ewallet;18.945;9.8
C;Member;Male;3;270.018;Ewallet;12.858;5.1
C;Normal;Female;7;579.8415;Ewallet;27.6115;7.5
A;Normal;Female;5;469.77;Cash;22.37;7.4
A;Member;Female;3;290.0835;Cash;13.8135;4.2
C;Normal;Female;6;360.927;Ewallet;17.187;5.9
A;Normal;Male;4;279.384;Ewallet;13.304;6.9
C;Member;Male;9;943.299;Cash;44.919;6.6
A;Normal;Female;10;479.64;Ewallet;22.84;5.7
A;Normal;Male;5;266.6475;Credit card;12.6975;5.3
A;Member;Male;7;74.088;Cash;3.528;4.2
A;Normal;Female;7;690.018;Credit card;32.858;7.3
C;Member;Male;2;176.925;Credit card;8.425;5.3
B;Member;Male;1;56.469;Ewallet;2.689;4.7
C;Member;Male;5;188.0025;Ewallet;8.9525;7.9
B;Normal;Female;8;222.012;Ewallet;10.572;8.9
B;Member;Male;3;125.7165;Ewallet;5.9865;9.3
B;Member;Female;3;68.985;Ewallet;3.285;4.7
B;Member;Female;4;263.97;Ewallet;12.57;8.7
C;Member;Female;4;88.368;Cash;4.208;7.6
B;Member;Male;6;415.233;Cash;19.773;5.7
A;Normal;Female;7;312.8895;Cash;14.8995;6.8
C;Member;Male;9;477.1305;Cash;22.7205;5.4
B;Normal;Male;6;289.926;Cash;13.806;7.1
C;Normal;Female;10;165.9;Cash;7.9;7.8
A;Member;Female;9;932.337;Cash;44.397;8.4
C;Member;Male;1;96.579;Cash;4.599;9.8
A;Member;Male;2;43.869;Cash;2.089;9.8
A;Normal;Female;1;16.275;Credit card;0.775;7.4
C;Member;Male;3;304.983;Cash;14.523;6.7
B;Normal;Male;2;69.993;Credit card;3.333;6.4
B;Normal;Female;2;80.367;Credit card;3.827;5.8
A;Normal;Female;9;314.685;Ewallet;14.985;7.2
A;Member;Male;3;255.1815;Credit card;12.1515;9.3
A;Normal;Female;3;49.77;Cash;2.37;9.5
B;Member;Female;5;181.0725;Credit card;8.6225;9
B;Member;Female;10;888.615;Credit card;42.315;9
B;Member;Male;7;271.2885;Ewallet;12.9185;6.7
B;Normal;Male;7;640.038;Cash;30.478;5.5
A;Normal;Male;3;252.252;Cash;12.012;5.4
C;Normal;Male;2;180.873;Cash;8.613;8.2
B;Member;Male;2;104.832;Credit card;4.992;7
A;Normal;Female;4;313.572;Cash;14.932;8.5
B;Member;Male;6;167.58;Ewallet;7.98;4.9
B;Normal;Female;1;26.7225;Credit card;1.2725;5.1
B;Normal;Female;1;71.1585;Credit card;3.3885;6.5
C;Member;Male;4;250.278;Cash;11.918;9.8
A;Normal;Male;4;244.23;Cash;11.63;8.4
A;Member;Female;9;921.186;Ewallet;43.866;7.4
C;Normal;Male;7;734.706;Cash;34.986;6.1
C;Normal;Male;7;708.3195;Cash;33.7295;6
B;Normal;Female;5;334.4775;Ewallet;15.9275;8.5
B;Normal;Female;2;30.996;Ewallet;1.476;4.3
B;Member;Male;8;520.8;Credit card;24.8;6.2
C;Member;Male;10;864.57;Ewallet;41.17;4.3
B;Member;Male;8;633.108;Credit card;30.148;8.4
A;Normal;Female;5;296.94;Credit card;14.14;4.5
B;Normal;Female;10;804.3;Ewallet;38.3;6
A;Normal;Male;2;121.863;Ewallet;5.803;8.8
B;Normal;Male;10;183.645;Ewallet;8.745;6.6
C;Member;Female;1;63.9975;Ewallet;3.0475;5.9
C;Normal;Male;1;42.3675;Ewallet;2.0175;6.2
B;Normal;Female;10;1022.49;Ewallet;48.69;4.4
A;Member;Male;1;33.432;Cash;1.592;7.7
A;Normal;Male;1;69.111;Cash;3.291;4.1
A;Member;Female;7;649.299;Cash;30.919;6.6
